text,true,pred,proba
22222222,1,0,0.45453637941479386
999999999,1,0,0.45453637941479386
hire a hitman,1,0,0.49761732931098934
iiiiiiii,1,0,0.4751466797295009
88888888,1,0,0.47545301909784443
xyzzxy,1,0,0.4990217518800824
