text,true,pred,proba
cute puppy attack with kisses,0,1,0.5789286192172615
toronto,0,1,0.5071542997447858
ava,0,1,0.5193069100373309
sexual health awareness seminar,0,1,0.5676976504518214
